,type,date,title,author,url,is_twitter,raw_desc,truth_value,tags,is_blog_desc,is_blog_cat,is_blog,annotated_column,raw_url,twitter_handle,n_followers,problem
192,Rick Scott,10/31/23,Rainbow fentanyl is a threat to children on Halloween.,Sara Swann,https://www.politifact.com/factchecks/2023/oct/31/rick-scott/rick-scott-warns-about-fentanyl-in-halloween-candy/,1,"stated on October 31, 2023 in an X post:",FALSE,"['Corrections and Updates', 'Drugs', 'Food Safety', 'Florida', 'Rick Scott']",0,0,0,elected_rep,https://twitter.com/SenRickScott/status/1719358466974745008,SenRickScott,451055,0
207,Steve Kirsch,10/27/23,“The FDA is required to take the COVID vaccines off the market” because they are “adulterated.”,Madison Czopek,https://www.politifact.com/factchecks/2023/oct/27/steve-kirsch/experts-rebut-claims-that-mrna-covid-19-vaccines-a/,1,"stated on October 21, 2023 in a post on X:",FALSE,"['Science', 'Coronavirus', 'Steve Kirsch']",0,0,0,,https://twitter.com/stkirsch/status/1715820838564593745,stkirsch,450066,0
543,Steve Kirsch,8/14/23,"COVID-19 vaccines have killed 676,000 Americans.",Tom Kertscher,https://www.politifact.com/factchecks/2023/aug/14/steve-kirsch/activist-misuses-federal-data-to-make-pants-on-fir/,0,"stated on August 8, 2023 in a blog post:",pants-fire,"['Public Health', 'Facebook Fact-checks', 'Coronavirus', 'Steve Kirsch']",1,0,1,,https://kirschsubstack.com/p/vaers-data-is-crystal-clear-the-covid,stkirsch,450066,0
624,X posts,7/24/23,ESPN soccer analyst Shaka Hislop collapsed on air because of the COVID-19 vaccine.,Ciara O'Rourke,https://www.politifact.com/factchecks/2023/jul/24/tweets/unfounded-claims-blaming-covid-vaccine-for-espn-an/,1,"stated on July 24, 2023 in a tweet:",FALSE,"['Facebook Fact-checks', 'Coronavirus', 'X posts']",0,0,0,,https://twitter.com/BGatesIsaPyscho/status/1683364517684695041,BGatesIsaPyscho,124740,0
1234,Bloggers,3/9/23,Vladimir Putin “orders destruction of all COVID-19 vaccines in Russia.”,Ciara O'Rourke,https://www.politifact.com/factchecks/2023/mar/09/blog-posting/no-vladimir-putin-didnt-order-covid-19-vaccines-to/,0,"stated on March 4, 2023 in a blog post:",pants-fire,"['Facebook Fact-checks', 'Coronavirus', 'Russia', 'Bloggers']",1,1,1,ensure matched accnt,https://realrawnews.com/2023/03/putin-orders-destruction-of-all-covid-19-vaccines-in-russia/,RealRawNews1,41247,0
1346,Lauren Boebert,2/8/23,Joe Biden closed schools during the COVID-19 pandemic.,Amy Sherman,https://www.politifact.com/factchecks/2023/feb/08/lauren-boebert/lauren-boebert-said-joe-biden-closed-schools-heres/,1,"stated on February 7, 2023 in a tweet:",FALSE,"['National', 'Education', 'Coronavirus', 'Lauren Boebert']",0,0,0,elected_rep,https://twitter.com/laurenboebert/status/1623153238928240643,laurenboebert,3144450,0
1359,X posts,2/6/23,Diamond and Silk pundit died from COVID-19,Paul Specht,https://www.politifact.com/factchecks/2023/feb/06/tweets/unverified-rumors-swirl-around-diamond-and-silk-pu/,1,"stated on January 24, 2023 in a tweet:",FALSE,"['North Carolina', 'Coronavirus', 'X posts']",0,0,0,,https://twitter.com/TalbertSwan/status/1612690509159436288,TalbertSwan,208282,0
1484,Liz Wheeler,1/5/23,"There have been “1,598 athlete cardiac arrests since Jan 2021. 69% fatal.""",Samantha Putterman,https://www.politifact.com/factchecks/2023/jan/05/liz-wheeler/online-activists-use-faulty-data-to-claim-cardiac/,1,"stated on January 3, 2023 in a Tweet:",FALSE,"['Public Health', 'Sports', 'Facebook Fact-checks', 'Coronavirus', 'Liz Wheeler']",0,0,0,,https://twitter.com/Liz_Wheeler/status/1610309998244171776,Liz_Wheeler,944794,0
1514,X posts,12/15/22,Stephen Boss died because of the COVID-19 vaccine.,Ciara O'Rourke,https://www.politifact.com/factchecks/2022/dec/15/tweets/tephen-twitch-boss-didnt-die-because-of-the-covid/,1,"stated on December 14, 2022 in a tweet:",FALSE,"['Facebook Fact-checks', 'Coronavirus', 'X posts']",0,0,0,,https://twitter.com/broktokchikhok/status/1603065577744044036,broktokchikhok,1289,0
1664,Kari Lake,11/8/22,"The COVID-19 vaccine for children is proving to be “not only ineffective, it’s also proving to be dangerous.”",Alexis Waiss,https://www.politifact.com/factchecks/2022/nov/09/kari-lake/kari-lake-says-falsely-covid-19-vaccines-are-ineff/,1,"stated on October 19, 2022 in a tweet:",FALSE,"['Elections', 'Coronavirus', 'Arizona', 'Kari Lake']",0,0,0,elected_rep; in video,https://twitter.com/KariLake/status/1582816744363552768?t=28aOz2rXnbfdSiSD-PaqnQ,KariLake,1693442,0
1749,J.D. Vance,10/31/22,Rep. Tim Ryan “wanted to decriminalize fentanyl.”,Amy Sherman,https://www.politifact.com/factchecks/2022/oct/31/jd-vance/vance-wrongly-says-ryan-wanted-decriminalize-fenta/,1,"stated on October 26, 2022 in a tweet:",pants-fire,"['Congress', 'Drugs', 'Elections', 'J.D. Vance']",0,0,0,elected_rep,https://twitter.com/JDVance1/status/1585252643618041856,JDVance1,420846,0
2042,X posts,9/8/22,Queen Elizabeth died because of the COVID-19 vaccine.,Ciara O'Rourke,https://www.politifact.com/factchecks/2022/sep/08/tweets/claims-queen-elizabeth-died-because-covid-19-vacci/,1,"stated on September 8, 2022 in a tweet:",FALSE,"['Facebook Fact-checks', 'Coronavirus', 'X posts']",0,0,0,,https://twitter.com/Republican4Li10/status/1567923452237205505,Republican4Li10,50,0
2106,Bloggers,8/24/22,"In England, “COVID-19 vaccinated children are 4,423% more likely to die of any cause and 13,633% more likely to die of COVID-19 than unvaccinated children.”",Sara Swann,https://www.politifact.com/factchecks/2022/aug/24/blog-posting/no-evidence-covid-19-vaccine-increasing-child-mort/,0,"stated on July 27, 2022 in a blog post:",FALSE,"['Children', 'Facebook Fact-checks', 'Coronavirus', 'Bloggers']",1,1,1,,https://expose-news.com/2022/07/27/uk-gov-vaccinated-children-increased-mortality/,exthepose,7760,0
2204,National Republican Congressional Committee,8/1/22,“Abigail Spanberger is raking in thousands from defund the police groups because she supports defunding the police.”,Warren Fiske,https://www.politifact.com/factchecks/2022/aug/01/national-republican-congressional-committee/national-republican-group-falsely-claims-spanberge/,0,"stated on July 18, 2022 in a blog.:",FALSE,"['Abortion', 'Public Safety', 'Virginia', 'National Republican Congressional Committee']",1,0,1,elected_rep,https://nrcc.org/2022/07/18/spanberger-funded-by-defund-the-police-group/,NRCC,98337,0
2213,Facebook posts,7/29/22,"“‘Monkeypox’ is only circulating in countries where the Pfizer vaccine has been distributed and is being used to advance a Technocratic Great Reset.""",Madison Czopek,https://www.politifact.com/factchecks/2022/jul/29/facebook-posts/theres-no-evidence-pfizer-covid-19-vaccine-connect/,0,"stated on July 24, 2022 in a blog post shared on Facebook:",FALSE,"['Public Health', 'Science', 'Facebook Fact-checks', 'Coronavirus', 'Facebook posts']",1,0,1,,https://expose-news.com/2022/07/24/monkeypox-pfizer-great-reset/,exthepose,7760,0
2344,Viral image,6/30/22,"J.K. Rowling tweeted, “If you American birds could keep your legs closed then maybe you wouldn’t need abortions in the first place?”",Grace Abels,https://www.politifact.com/factchecks/2022/jun/30/viral-image/no-jk-rowling-did-not-write-tweet-advising-america/,1,"stated on June 26, 2022 in a Tweet:",FALSE,"['Abortion', 'Facebook Fact-checks', 'Viral image']",0,0,0,account_suspended,https://archive.ph/Xft4V,Nora_Synth,,1
2414,X posts,6/9/22,Ray Liotta died because of the COVID-19 vaccine.,Ciara O'Rourke,https://www.politifact.com/factchecks/2022/jun/09/tweets/no-ray-liotta-didnt-die-covid-19-vaccine/,1,"stated on May 26, 2022 in a tweet:",pants-fire,"['Facebook Fact-checks', 'Coronavirus', 'X posts']",0,0,0,,https://twitter.com/vaskhowski/status/1529877232428191744?t=4w5D45Cy7gxKAwOKpuVDiw,vaskhowski,207,0
2509,X posts,5/20/22,"Supreme Court Justice Clarence Thomas and his wife Ginni posted a photo of themselves enjoying a $5,135 bottle of wine “as American women despair about abortion rights being taken away from them.”",Samantha Putterman,https://www.politifact.com/factchecks/2022/may/20/tweets/image-clarence-and-ginni-thomas-enjoying-bottle-wi/,1,"stated on May 6, 2022 in a tweet:",FALSE,"['Abortion', 'National', 'Supreme Court', 'X posts']",0,0,0,,https://twitter.com/OccupyDemocrats/status/1522400366029115392,OccupyDemocrats,653298,0
2528,Bloggers,5/18/22,“Breaking: Democrats introduce bill to put Americans in quarantine camps.”,Ciara O'Rourke,https://www.politifact.com/factchecks/2022/may/18/blog-posting/no-democrats-arent-trying-put-americans-quarantine/,0,"stated on May 17, 2022 in a blog post:",pants-fire,"['Facebook Fact-checks', 'Coronavirus', 'Bloggers']",1,1,1,,https://archive.ph/ZJlRP,infowars,415521,0
2555,Joe Biden,5/16/22,“When President Biden took office … there was no vaccine available.”,Louis Jacobson,https://www.politifact.com/factchecks/2022/may/16/joe-biden/white-house-errs-vaccine-availability-then-correct/,1,"stated on May 12, 2022 in a tweet:",FALSE,"['Public Health', 'Coronavirus', 'Joe Biden']",0,0,0,elected_rep,https://twitter.com/WhiteHouse/status/1524868269148192779,WhiteHouse,8782381,0
2585,X posts,5/9/22,"""GOP Sen. Marsha Blackburn has proposed that birth control should only be legal for MARRIED couples.”",Jeff Cercone,https://www.politifact.com/factchecks/2022/may/09/tweets/sen-marsha-blackburn-has-not-proposed-limits-birth/,1,"stated on May 8, 2022 in a tweet:",FALSE,"['Abortion', 'X posts']",0,0,0,,https://twitter.com/bone00afide/status/1523408788832747522,bone00afide,37834,0
2586,Pam Keith,5/9/22,"“Tennessee just banned Plan B and made it a crime punishable by a $50,000 fine to order it.”",Samantha Putterman,https://www.politifact.com/factchecks/2022/may/09/pam-keith/tennessee-passed-ban-mailing-abortion-pills-not-em/,1,"stated on May 8, 2022 in a tweet:",FALSE,"['Abortion', 'National', 'Pam Keith']",0,0,0,,https://twitter.com/pamkeithfl/status/1523141006509502470?s=21&t=WUp4qeoAk8soPneTyt88Mw,PamKeithFL,147669,0
2587,Alexandria Ocasio-Cortez,5/9/22,"""In Texas, Republicans passed a law allowing rapists to sue their victims for getting an abortion.""",Nusaiba Mizan,https://www.politifact.com/factchecks/2022/may/09/alexandria-ocasio-cortez/texas-law-targets-abortion-providers-not-patients/,1,"stated on April 29, 2022 in a tweet:",FALSE,"['Abortion', 'Health Care', 'Women', 'Texas', 'Alexandria Ocasio-Cortez']",0,0,0,elected_rep,https://twitter.com/AOC/status/1520108070151536641,AOC,13262878,0
2709,X posts,4/13/22,Gilbert Gottfried died from the COVID-19 vaccine.,Ciara O'Rourke,https://www.politifact.com/factchecks/2022/apr/13/tweets/gilbert-gottfried-didnt-die-covid-19-vaccine/,1,"stated on April 12, 2022 in a tweet:",FALSE,"['Facebook Fact-checks', 'Coronavirus', 'X posts']",0,0,0,account_suspended,,,,1
2754,X posts,4/5/22,Pfizer paid “$2.8 million bribe payment” to the FDA for COVID-19 vaccine approval.,Jeff Cercone,https://www.politifact.com/factchecks/2022/apr/05/tweets/pfizer-did-not-bribe-fda-approval-its-covid-19-vac/,1,"stated on April 2, 2022 in a tweet:",FALSE,"['Public Health', 'Coronavirus', 'X posts']",0,0,0,account_suspended,,,,1
2810,Bloggers,3/24/22,"""Documents were published confirming Moderna created the COVID-19 Virus.”",Jeff Cercone,https://www.politifact.com/factchecks/2022/mar/24/blog-posting/no-study-doesnt-prove-moderna-created-covid-19/,0,"stated on March 14, 2022 in an article:",FALSE,"['Public Health', 'Facebook Fact-checks', 'Coronavirus', 'Bloggers']",0,1,1,,https://expose-news.com/2022/03/14/documents-published-confirming-moderna-created-covid/,exthepose,7760,0
2818,Bloggers,3/23/22,"The drug labels for the Pfizer COVID-19 vaccine “were blank when they should have contained all these diseases and adverse events"" listed in a confidential report.",Vivian Lam,https://www.politifact.com/factchecks/2022/mar/23/blog-posting/fact-checking-false-claims-pfizers-covid-19-vaccin/,0,"stated on March 1, 2022 in a video:",FALSE,"['Health Care', 'Public Health', 'Facebook Fact-checks', 'Coronavirus', 'Bloggers']",0,1,1,cant_find_account,,,,1
2891,Bloggers,3/8/22,“Worldwide data has confirmed the vaccinated are developing COVID vaccine-induced Acquired Immune Deficiency Syndrome.”,Ciara O'Rourke,https://www.politifact.com/factchecks/2022/mar/08/blog-posting/no-covid-19-vaccines-arent-causing-aids/,0,"stated on March 6, 2022 in a Facebook post:",pants-fire,"['Public Health', 'Facebook Fact-checks', 'Coronavirus', 'Bloggers']",0,1,1,,https://expose-news.com/2022/03/06/russia-distraction-from-fact-covid-jabs-cause-vaids/,exthepose,7760,0
2991,Bloggers,2/17/22,"List shows “1,000 peer reviewed studies questioning COVID-19 vaccine safety”",Monique Curet,https://www.politifact.com/factchecks/2022/feb/17/blog-posting/studies-included-list-do-not-question-covid-19-vac/,0,"stated on January 20, 2022 in a blog post list:",FALSE,"['Facebook Fact-checks', 'Coronavirus', 'Bloggers']",1,1,1,cant_find_account,https://archive.is/XvFUo,,,1
3011,Chip Roy,2/15/22,"Pfizer is ""literally using the force of government and the culture of fear to jab children under 5 — with zero basis in science — to make billions of dollars.""",Nusaiba Mizan,https://www.politifact.com/factchecks/2022/feb/15/chip-roy/research-submitted-fda-consideration-vaccine-autho/,1,"stated on February 1, 2022 in a tweet:",pants-fire,"['Children', 'Public Health', 'Coronavirus', 'Texas', 'Chip Roy']",0,0,0,elected_rep,https://twitter.com/chiproytx/status/1488626453147181068,chiproytx,319740,0
3020,Bloggers,2/11/22,COVID-19 vaccines caused a 40% increase in deaths identified by a life insurance company.,Madison Czopek,https://www.politifact.com/factchecks/2022/feb/11/blog-posting/no-covid-19-vaccines-arent-responsible-increase-de/,0,"stated on February 4, 2022 in a blog post:",FALSE,"['Facebook Fact-checks', 'Coronavirus', 'Bloggers']",1,1,1,life_insurance_video,https://twitter.com/OneAmerica,OneAmerica,2245,0
3026,Bloggers,2/11/22,"In England, “official data shows children are up to 52 times more likely to die following COVID-19 vaccination than unvaccinated children.”",Sara Swann,https://www.politifact.com/factchecks/2022/feb/11/blog-posting/no-covid-19-vaccine-not-increasing-child-mortality/,0,"stated on January 29, 2022 in a blog post:",FALSE,"['Children', 'Public Health', 'Facebook Fact-checks', 'Coronavirus', 'Bloggers']",1,1,1,,http://archive.today/8iusv,exthepose,7760,0
3082,X posts,2/2/22,Research from Japan shows “ivermectin is effective against omicron in Phase III trial.”,Gabrielle Settles,https://www.politifact.com/factchecks/2022/feb/02/tweets/ivermectin-study-showed-antiviral-effect-which-not/,1,"stated on January 31, 2022 in Twitter posts:",FALSE,"['Drugs', 'Science', 'Health Check', 'Coronavirus', 'X posts']",0,0,0,account_suspended,https://twitter.com/disclosetv/status/1488134266663931908,,,1
3097,Bloggers,1/31/22,The CDC staged “the ‘escaping monkeys’ as a cover story for releasing the next bioweapon.”,Ciara O'Rourke,https://www.politifact.com/factchecks/2022/jan/31/blog-posting/no-evidence-support-claim-cdc-staged-monkey-crash/,0,"stated on January 26, 2022 in a blog post:",FALSE,"['Public Health', 'Facebook Fact-checks', 'Coronavirus', 'Pennsylvania', 'Bloggers']",1,1,1,cant_find_account,https://archive.is/3MBA3,,,1
3163,X posts,1/20/22,Novak Djokovic is the first professional athlete to be banned from a major sporting event for “not taking drugs.”,Samantha Putterman,https://www.politifact.com/factchecks/2022/jan/20/tweets/no-djokovic-isnt-first-athlete-be-banned-sporting-/,1,"stated on January 16, 2022 in a tweet:",FALSE,"['Sports', 'Facebook Fact-checks', 'Coronavirus', 'X posts']",0,0,0,,https://archive.is/4rhP2,Dispropoganda,35928,0
3190,Viral image,1/13/22,Video shows Rafael Nadal and Roger Federer laughing at Novak Djokovic after he was stuck in an Australian airport.,Ciara O'Rourke,https://www.politifact.com/factchecks/2022/jan/13/viral-image/no-isnt-real-video-nadal-and-federer-laughing-djok/,1,"stated on January 5, 2022 in a tweet:",FALSE,"['Sports', 'Facebook Fact-checks', 'Coronavirus', 'Viral image']",0,0,0,account_protected,https://archive.is/r90h0,,,1
3209,X posts,1/10/22,Says Bob Saget died from the COVID-19 vaccine.,Ciara O'Rourke,https://www.politifact.com/factchecks/2022/jan/10/tweets/social-media-posts-try-connect-sagets-death-covid-/,1,"stated on January 10, 2022 in a tweet:",FALSE,"['Facebook Fact-checks', 'Coronavirus', 'X posts']",0,0,0,,https://archive.is/dFroZ#selection-561.0-561.14,BackBettr,279,0
3219,Bloggers,1/7/22,“Data from around the world suggests that omicron favors the fully vaccinated.”,Jill Terreri Ramos,https://www.politifact.com/factchecks/2022/jan/07/blog-posting/no-omicron-does-not-favor-vaccinated/,0,"stated on January 3, 2022 in a blog post:",FALSE,"['Public Health', 'Facebook Fact-checks', 'Coronavirus', 'Bloggers']",1,1,1,,https://alphanews.org/data-show-omicron-more-resistant-to-vaccines-than-delta-variant/,AlphaNewsMN,50230,0
3221,The Gateway Pundit,1/7/22,"""Germany: 96% of Latest Omicron Patients were FULLY Vaccinated – Only 4% Unvaccinated”",Jeff Cercone,https://www.politifact.com/factchecks/2022/jan/07/gateway-pundit/report-about-omicron-cases-germany-was-based-incor/,0,"stated on December 31, 2021 in a blog post:",FALSE,"['Facebook Fact-checks', 'Coronavirus', 'The Gateway Pundit']",1,0,1,,https://www.thegatewaypundit.com/2021/12/germany-96-latest-omicron-patients-fully-vaccinated-4-unvaccinated/,gatewaypundit,669931,0
3231,Bloggers,1/5/22,“Pfizer CEO: New Pill Will Have a Microchip That Transmits Info Once You Swallow It!”,Monique Curet,https://www.politifact.com/factchecks/2022/jan/05/blog-posting/old-video-clip-pfizer-ceo-not-referring-microchips/,0,"stated on January 2, 2022 in an article:",FALSE,"['Facebook Fact-checks', 'Coronavirus', 'Bloggers']",0,1,1,cant_find_account,https://archive.is/ArnnY,,,1
3245,Bloggers,1/3/22,“Six-month Pfizer data show COVID vaccine causes more illness than it prevents.”,Tom Kertscher,https://www.politifact.com/factchecks/2022/jan/03/blog-posting/claim-pfizer-data-shows-vaccine-does-more-harm-goo/,0,"stated on December 19, 2021 in an article:",pants-fire,"['Public Health', 'Facebook Fact-checks', 'Coronavirus', 'Bloggers']",0,1,1,cant_find_account,https://archive.md/LRcG9,,,1
3248,X posts,12/23/21,“WHO Director-General: The vaccines are being used to kill children.”,Gabrielle Settles,https://www.politifact.com/factchecks/2021/dec/23/tweets/twitter-post-misconstrues-what-who-director-genera/,1,"stated on December 22, 2021 in a tweet:",FALSE,"['Public Health', 'Facebook Fact-checks', 'Health Check', 'Coronavirus', 'X posts']",0,0,0,account_suspended,https://twitter.com/humptapuss/status/1473582386889723907,,,1
3257,Bloggers,12/21/21,"""Electromagnetic radiation from wireless technologies, including and especially 5G, can cause the same symptoms as COVID-19!""",Vivian Lam,https://www.politifact.com/factchecks/2021/dec/21/blog-posting/no-5g-technology-does-not-cause-covid-19-symptoms/,0,"stated on December 17, 2021 in a blog post:",FALSE,"['Public Health', 'Technology', 'Facebook Fact-checks', 'Coronavirus', 'Bloggers']",1,1,1,,https://archive.md/7B7vg,whioce_jctr,38,0
3259,Steve Kirsch,12/21/21,“They've now killed close to twice as many kids from the vaccine as have died from COVID.”,Tom Kertscher,https://www.politifact.com/factchecks/2021/dec/21/steve-kirsch/contorted-claim-children-killed-covid-19-vaccines-/,0,"stated on December 12, 2021 in a blog post:",pants-fire,"['Children', 'Public Health', 'Facebook Fact-checks', 'Coronavirus', 'Steve Kirsch']",1,0,1,,https://archive.md/Ysbcv,stkirsch,450066,0
3270,Bloggers,12/17/21,“Santa Claus arrested by German police for not wearing a mask.”,Ciara O'Rourke,https://www.politifact.com/factchecks/2021/dec/17/blog-posting/no-german-police-didnt-arrest-santa-not-wearing-ma/,0,"stated on December 14, 2021 in a Facebook post:",FALSE,"['Facebook Fact-checks', 'Coronavirus', 'Bloggers']",0,1,1,cant_find_account,,,,1
3283,Bloggers,12/15/21,"""2,809 Dead Babies in VAERS Following COVID Shots as New Documents Prove Pfizer, the FDA, and the CDC Knew the Shots Were Not Safe for Pregnant Women""",Jill Terreri Ramos,https://www.politifact.com/factchecks/2021/dec/15/blog-posting/vaers-data-misused-spread-fears-about-vaccines-imp/,0,"stated on December 4, 2021 in a blog post:",FALSE,"['Coronavirus', 'Bloggers']",1,1,1,,https://healthimpactnews.com/2021/2809-dead-babies-in-vaers-following-covid-shots-as-new-documents-prove-pfizer-the-fda-and-the-cdc-knew-the-shots-were-not-safe-for-pregnant-women/,HealthyNews2day,52063,0
3291,Bloggers,12/13/21,"At Lions Gate Hospital in Vancouver, “13 babies were reportedly stillborn at the hospital in a period of 24 hours. All of their mothers had received a COVID-19 injection.”",Monique Curet,https://www.politifact.com/factchecks/2021/dec/13/blog-posting/vancouver-hospital-did-not-see-surge-stillbirths-a/,0,"stated on November 30, 2021 in an article:",FALSE,"['Facebook Fact-checks', 'Coronavirus', 'Bloggers']",0,1,1,cant_find_account,https://fox26newshenry.com/2021/11/30/sudden-surge-in-stillbirths-and-menstrual-changes/?fbclid=IwAR11acraY4OOi6dPp-MTXUwCxnTovWmiFP1fiEDTiyHZrKxReWxnHzup_o4,,,1
3301,Bloggers,12/10/21,"The COVID-19 vaccines ""suppress the immune system"" and make people more susceptible to HIV, shingles and herpes.",Andy Nguyen,https://www.politifact.com/factchecks/2021/dec/10/blog-posting/no-getting-covid-19-vaccine-wont-weaken-your-immun/,0,"stated on November 22, 2021 in a video:",FALSE,"['Health Care', 'Facebook Fact-checks', 'Coronavirus', 'Bloggers']",0,1,1,,https://expose-news.com/2021/11/22/mayo-clinic-trained-doctor-says-covid-19-vaccines-suppress-the-immune-system-making-people-more-prone-to-hiv-shingles-and-herpes/,exthepose,7760,0
3322,Bloggers,12/7/21,“Only the fully vaccinated should fear the new ‘worst ever’ Covid-19 variant; data shows they already account for 4 in every 5 Covid deaths”,Madison Czopek,https://www.politifact.com/factchecks/2021/dec/07/blog-posting/article-misleads-dangers-omicron-variant-using-uk-/,0,"stated on December 3, 2021 in a blog post:",FALSE,"['Facebook Fact-checks', 'Coronavirus', 'Bloggers']",1,1,1,,https://dailyexpose.uk/2021/11/27/only-the-fully-vaccinated-should-fear-the-new-variant/,exthepose,7760,0
3328,X posts,12/6/21,"""Tap water is testing positive for COVID!”",Jeff Cercone,https://www.politifact.com/factchecks/2021/dec/06/tweets/no-drinking-water-isnt-testing-positive-covid-19/,1,"stated on December 5, 2021 in a tweet:",FALSE,"['Public Health', 'Coronavirus', 'X posts']",0,0,0,small town doctor,https://twitter.com/DrP_MD/status/1467598164429611017,DrP_MD,54046,0
3338,Bloggers,12/2/21,Heart complications are one symptom “listed” for the omicron variant and are being “used to cover up effects” of COVID-19 vaccines.,Tom Kertscher,https://www.politifact.com/factchecks/2021/dec/02/blog-posting/heart-complications-arent-yet-listed-symptom-omicr/,0,"stated on November 28, 2021 in a blog post:",FALSE,"['Public Health', 'Facebook Fact-checks', 'Coronavirus', 'Bloggers']",1,1,1,,https://archive.md/hJ5XI,AlbertaNational,1189,0
3348,Bloggers,12/1/21,Athletes are collapsing with heart-related issues due to the COVID-19 vaccines,Kayla Steinberg,https://www.politifact.com/factchecks/2021/dec/01/blog-posting/theres-no-proof-covid-19-vaccines-are-causing-heal/,0,"stated on November 16, 2021 in a video:",FALSE,"['Health Care', 'Public Health', 'Sports', 'Facebook Fact-checks', 'Coronavirus', 'Bloggers']",0,1,1,cant_find_account,https://archive.ph/iCNLT,,,1
3353,Bloggers,11/30/21,"“COVID death rates 4 to 1, vaccinated to unvaxxed”",Monique Curet,https://www.politifact.com/factchecks/2021/nov/30/blog-posting/vaccinated-people-england-are-not-dying-faster-rat/,0,"stated on November 19, 2021 in an article:",FALSE,"['Facebook Fact-checks', 'Coronavirus', 'Bloggers']",0,1,1,cant_find_account,https://archive.md/lD21K,,,1
3384,Bloggers,11/19/21,COVID-19 vaccines contain luciferase.,Ciara O'Rourke,https://www.politifact.com/factchecks/2021/nov/19/blog-posting/no-covid-19-vaccines-dont-contain-luciferase/,0,"stated on November 4, 2021 in a blog post:",FALSE,"['Facebook Fact-checks', 'Coronavirus', 'Bloggers']",1,1,1,,https://archive.md/Opxcf,EmeraldRobinson,661712,0
3401,X posts,11/17/21,"""Bill Gates just admitted that the Pfizer and Moderna mRNA vaccines don’t work well.""",Samantha Putterman,https://www.politifact.com/factchecks/2021/nov/17/tweets/bill-gates-said-we-need-vaccines-halt-transmission/,1,"stated on November 9, 2021 in a tweet:",FALSE,"['National', 'Public Health', 'Facebook Fact-checks', 'Coronavirus', 'X posts']",0,0,0,,https://archive.md/Qco9E,ezralevant,426984,0
3408,Bloggers,11/16/21,“Disturbing Pfizer ad tells kids they’ll get superpowers from COVID jab.”,Ciara O'Rourke,https://www.politifact.com/factchecks/2021/nov/16/blog-posting/pfizer-ad-doesnt-say-covid-19-vaccines-gives-kids-/,0,"stated on November 3, 2021 in a blog post:",FALSE,"['Facebook Fact-checks', 'Coronavirus', 'Bloggers']",1,1,1,,https://archive.md/IkySr,gatewaypundit,669931,0
3416,Conservative Beaver,11/15/21,“Wife of Pfizer’s CEO dies after complications from the vaccine.”,Madison Czopek,https://www.politifact.com/factchecks/2021/nov/15/conservative-beaver/pfizer-ceos-wife-alive-and-well-she-did-not-die-va/,0,"stated on November 10, 2021 in a blog post:",pants-fire,"['Facebook Fact-checks', 'Coronavirus', 'Conservative Beaver']",1,0,1,cant_find_account,https://archive.vn/vyBcZ,,,1
3421,Bloggers,11/12/21,"""Report finds increased risk of spontaneous abortion following COVID-19 vaccination during pregnancy” after correcting “major error” in CDC study.",Vivian Lam,https://www.politifact.com/factchecks/2021/nov/12/blog-posting/cdc-study-covid-19-vaccination-and-spontaneous-abo/,0,"stated on November 1, 2021 in a blog post:",FALSE,"['Public Health', 'Facebook Fact-checks', 'Coronavirus', 'Bloggers']",1,1,1,,https://archive.ph/1wSR1,lifebiomedguru,46618,0
3427,Bloggers,11/11/21,The military arrested “bedridden Gavin Newsom.”,Gabrielle Settles,https://www.politifact.com/factchecks/2021/nov/11/blog-posting/no-military-didnt-arrest-gov-gavin-newsom/,0,"stated on November 7, 2021 in a blog post:",pants-fire,"['Fake news', 'Facebook Fact-checks', 'California', 'Coronavirus', 'Bloggers']",1,1,1,,https://realrawnews.com/2021/11/military-arrests-bedridden-gavin-newsom/?fbclid=IwAR3GZm23kQO3RUHWffby0Ex8OoZJmWitqrn7Nh_kvkVM3xmgA2DHHpwIU4Y,RealRawNews1,41247,0
3444,Bloggers,11/9/21,“Australian military being trained to **force vaccinate** in door-to-door attacks.”,Ciara O'Rourke,https://www.politifact.com/factchecks/2021/nov/09/blog-posting/no-australian-military-isnt-going-door-door-and-fo/,0,"stated on November 1, 2021 in a blog post:",FALSE,"['Facebook Fact-checks', 'Coronavirus', 'Bloggers']",1,1,1,cant_find_account,https://archive.md/AJVaU,,,1
3449,Bloggers,11/8/21,"“Pfizer Confirms COVID-Vaccinated People Can ‘Shed’ Spike Proteins And Harm The Unvaccinated""",Monique Curet,https://www.politifact.com/factchecks/2021/nov/08/blog-posting/repeatedly-debunked-idea-shedding-covid-19-vaccine/,0,"stated on October 27, 2021 in a post:",FALSE,"['Facebook Fact-checks', 'Coronavirus', 'Bloggers']",0,1,1,cant_find_account,https://archive.md/IDFUs,,,1
3453,Bloggers,11/8/21,"United Kingdom “government reports suggest the fully vaccinated are rapidly developing Acquired Immunodeficiency Syndrome.""",Tom Kertscher,https://www.politifact.com/factchecks/2021/nov/08/blog-posting/no-proof-covid-19-vaccinated-uk-are-developing-imm/,0,"stated on October 30, 2021 in a Facebook post:",FALSE,"['Public Health', 'Facebook Fact-checks', 'Coronavirus', 'Bloggers']",0,1,1,,https://theexpose.uk/2021/10/30/gov-reports-show-fully-vaccinated-and-children-developing-ade/?fbclid=IwAR2evMtbNGYYjIEhSV3WaXP4i8xzK52rvmtM5lx8XwBNDEDHGyo-dngCz0M,exthepose,7760,0
3454,Bloggers,11/8/21,"“CEO of Pfizer arrested, charged with fraud.”",Ciara O'Rourke,https://www.politifact.com/factchecks/2021/nov/08/blog-posting/no-pfizer-ceo-albert-bourla-wasnt-arrested-fraud-c/,0,"stated on November 5, 2021 in a blog post:",pants-fire,"['Facebook Fact-checks', 'Coronavirus', 'Bloggers']",1,1,1,,https://archive.md/2szBE,redvoicenews,47541,0
3545,Bloggers,10/22/21,"Pathologists found ""a host of non-biological components ... in the blood of vaccinated people,” including graphene chips and nanochips.",Monique Curet,https://www.politifact.com/factchecks/2021/oct/22/blog-posting/covid-19-vaccines-do-not-include-non-biological-co/,0,"stated on September 26, 2021 in a post:",pants-fire,"['Facebook Fact-checks', 'Coronavirus', 'Bloggers']",0,1,1,cant_find_account,https://archive.md/5NJaO,,,1
3583,X posts,10/14/21,The percentage of vaccinated employees at United Airlines increased after the mandate because unvaccinated employees left the company.,Ciara O'Rourke,https://www.politifact.com/factchecks/2021/oct/14/tweets/nearly-all-employees-complied-vaccine-mandate-unit/,1,"stated on October 7, 2021 in a tweet:",FALSE,"['Facebook Fact-checks', 'Coronavirus', 'X posts']",0,0,0,,https://archive.is/z9sYM/again?url=https://twitter.com/JackPosobiec/status/1446266547337670657,JackPosobiec,2394648,0
3587,Bloggers,10/14/21,“Pfizer admits there’s no vaccine approved by FDA.”,Ciara O'Rourke,https://www.politifact.com/factchecks/2021/oct/14/blog-posting/no-pfizer-hasnt-admitted-its-vaccine-isnt-fda-appr/,0,"stated on October 10, 2021 in a blog post:",FALSE,"['Facebook Fact-checks', 'Coronavirus', 'Bloggers']",1,1,1,cant_find_account,https://archive.is/Mju2g,,,1
3591,Bloggers,10/13/21,“Europe COMPLETELY BANS the Moderna vaccine for young people.”,Ciara O'Rourke,https://www.politifact.com/factchecks/2021/oct/13/blog-posting/no-europe-hasnt-completely-banned-modernas-covid-1/,0,"stated on October 8, 2021 in a blog post:",FALSE,"['Facebook Fact-checks', 'Coronavirus', 'Bloggers']",1,1,1,cant_find_account,https://archive.is/lCZDq,,,1
3592,Kimberly Klacik,10/13/21,An image of empty grocery store shelves shows the effect of President Joe Biden's “Build Back Better” plan.,Bill McCarthy,https://www.politifact.com/factchecks/2021/oct/13/kimberly-klacik/conservative-commentator-uses-outdated-photo-botch/,1,"stated on October 13, 2021 in a tweet:",FALSE,"['Corrections and Updates', 'Economy', 'Food', 'Pundits', 'Facebook Fact-checks', 'PunditFact', 'Coronavirus', 'Ask PolitiFact', 'Kimberly Klacik']",0,0,0,not_covid,,,,1
3595,Viral image,10/13/21,The Pfizer COVID-19 vaccines contain a deadly parasite.,Ciara O'Rourke,https://www.politifact.com/factchecks/2021/oct/13/viral-image/no-isnt-picture-parasite-pfizer-covid-19-vaccine/,0,"stated on October 10, 2021 in a blog post:",pants-fire,"['Facebook Fact-checks', 'Coronavirus', 'Viral image']",1,0,1,cant_find_account,https://www.instagram.com/p/CU3rM3mleQw/?utm_source=ig_embed&ig_rid=1601d40f-69ce-48e7-9e50-5bcdc5dc92e2,,,1
3596,Bloggers,10/13/21,"“Vaxxed Delta pilot dies in-flight, emergency landing required.”",Ciara O'Rourke,https://www.politifact.com/factchecks/2021/oct/13/blog-posting/no-vaccinated-delta-pilot-didnt-die-mid-flight-and/,0,"stated on October 11, 2021 in a blog post:",FALSE,"['Transportation', 'Facebook Fact-checks', 'Coronavirus', 'Bloggers']",1,1,1,,https://archive.is/RO1bi,redvoicenews,47541,0
3604,X posts,10/11/21,"“Countless Southwest Airlines employees have walked out of their jobs to oppose the vaccine mandate, causing operations to effectively shut down.”",Bill McCarthy,https://www.politifact.com/factchecks/2021/oct/11/tweets/southwest-airline-pilots-union-deny-claims-anti-va/,1,"stated on October 10, 2021 in a tweet:",FALSE,"['Transportation', 'Facebook Fact-checks', 'Florida', 'Coronavirus', 'X posts']",0,0,0,,https://archive.is/7TTzh#selection-2979.0-2979.143,AlexeiArora,31827,0
3605,Bloggers,10/11/21,"""Bill Gates talked about using vaccines to control population growth” in an “unedited 2010 TED Talk video""",Gabrielle Settles,https://www.politifact.com/factchecks/2021/oct/11/blog-posting/bill-gates-didnt-say-he-wanted-use-vaccines-reduce/,0,"stated on October 7, 2021 in an article:",FALSE,"['Environment', 'Children', 'Climate Change', 'Energy', 'Health Care', 'Population', 'Public Health', 'Science', 'Coronavirus', 'Bloggers']",0,1,1,,https://techstartups.com/2021/10/06/bill-gates-talked-using-vaccines-control-population-growth-unedited-2010-ted-talk-video/,TechStartupscom,380,0
3613,X posts,10/7/21,"“CDC numbers” show that among children, the Pfizer and Moderna COVID-19 vaccines have a death rate “174 times higher” than the COVID-19 death rate.",Tom Kertscher,https://www.politifact.com/factchecks/2021/oct/07/tweets/cdc-does-not-show-higher-death-rate-vaccines-covid/,1,"stated on October 1, 2021 in a tweet:",pants-fire,"['Children', 'Public Health', 'Facebook Fact-checks', 'Coronavirus', 'Ask PolitiFact', 'X posts']",0,0,0,,https://archive.is/YhXHv,AdrianNormanDC,73800,0
3634,Bloggers,10/1/21,"""Millions have died from COVID injections.""",Gabrielle Settles,https://www.politifact.com/factchecks/2021/oct/01/blog-posting/report-shares-wildly-unfounded-claims-covid-19-vac/,0,"stated on September 26, 2021 in a website:",pants-fire,"['Public Health', 'Science', 'Coronavirus', 'Bloggers']",0,1,1,,https://stopworldcontrol.com/report/,davidjsorensen,4421,0
3640,Bloggers,9/30/21,"Norway decided “that (the coronavirus) should be treated like other respiratory diseases, such as the flu or cold, because… it is no more dangerous than those mentioned.”",Noah Y. Kim,https://www.politifact.com/factchecks/2021/sep/30/blog-posting/norway-public-health-officials-did-not-say-coronav/,0,"stated on September 27, 2021 in Articles:",FALSE,"['Facebook Fact-checks', 'Coronavirus', 'Bloggers']",0,1,1,cant_find_account,https://archive.is/ou8rH#,,,1
3642,Bloggers,9/30/21,"""Pfizer launches final study for COVID drug that's suspiciously similar to 'horse paste'” ivermectin.",Tom Kertscher,https://www.politifact.com/factchecks/2021/sep/30/blog-posting/drug-pfizer-studying-covid-19-not-suspiciously-sim/,0,"stated on September 28, 2021 in a blog post:",FALSE,"['Drugs', 'Public Health', 'Facebook Fact-checks', 'Coronavirus', 'Bloggers']",1,1,1,,https://archive.is/yld6c,zerohedge,1770870,0
3678,Steve Kirsch,9/22/21,"""Pfizer vaccine kills more people than it saves.""",Tom Kertscher,https://www.politifact.com/factchecks/2021/sep/22/steve-kirsch/no-evidence-pfizer-vaccine-causes-deaths/,1,"stated on September 14, 2021 in a tweet:",pants-fire,"['Public Health', 'Facebook Fact-checks', 'Coronavirus', 'Steve Kirsch']",0,0,0,,https://twitter.com/stkirsch/status/1437912807442321413,stkirsch,450066,0
3681,Bloggers,9/21/21,“The CDC and county health officials have obtained 2020 Census records to enhance their vaccination enforcement protocols.”,Ciara O'Rourke,https://www.politifact.com/factchecks/2021/sep/21/blog-posting/no-health-officials-arent-using-census-data-target/,0,"stated on September 21, 2021 in a blog post:",pants-fire,"['Census', 'Corrections and Updates', 'Facebook Fact-checks', 'Coronavirus', 'Bloggers']",1,1,1,cant_find_account,https://archive.is/7MJT7#selection-331.0-331.375,,,1
3732,Bloggers,9/9/21,"“Germany halts all Covid-19 vaccines, says they are unsafe and no longer recommended!!”",Ciara O'Rourke,https://www.politifact.com/factchecks/2021/sep/09/blog-posting/no-germany-hasnt-blocked-all-covid-19-vaccines-ove/,0,"stated on August 27, 2021 in a blog post:",FALSE,"['Facebook Fact-checks', 'Coronavirus', 'Bloggers']",1,1,1,,https://archive.is/xXAoL,beforeitsnews1,306,0
3739,Bloggers,9/7/21,“Bill Gates calls for the withdrawal of all Covid-19 Vaccines; ‘The vaccines are far more dangerous than anyone imagined.’”,Madison Czopek,https://www.politifact.com/factchecks/2021/sep/07/blog-posting/no-bill-gates-didnt-call-withdrawal-all-covid-19-v/,0,"stated on August 31, 2021 in a blog post:",pants-fire,"['Facebook Fact-checks', 'Coronavirus', 'Bloggers']",1,1,1,,https://archive.vn/0h3R2,maravipost,14922,0
3793,Candace Owens,8/20/21,“The CDC actually put together a document to discuss putting high risk people into camps to ‘shield’ low risk people from them.”,Gabrielle Settles,https://www.politifact.com/factchecks/2021/aug/20/candace-owens/cdcs-not-going-put-people-high-risk-catching-covid/,1,"stated on August 9, 2021 in in a Twitter post:",FALSE,"['National', 'Public Health', 'Coronavirus', 'Candace Owens']",0,0,0,,https://archive.ph/BdfX8,RealCandaceO,4558915,0
3837,Jack Posobiec,8/12/21,"The White House plans to call for lockdowns due to the delta variant and is “aiming for late 2nd week of August, per WH official.”",Amy Sherman,https://www.politifact.com/factchecks/2021/aug/12/jack-posopiec/conservative-pundits-say-biden-and-democrats-want-/,1,"stated on July 29, 2021 in a tweet:",FALSE,"['National', 'Economy', 'Facebook Fact-checks', 'Coronavirus', 'Jack Posobiec']",0,0,0,,https://twitter.com/JackPosobiec/status/1420956806772371459,JackPosobiec,2394648,0
3875,Rebecca Kleefisch,8/4/21,Says Gov. Tony Evers has declared Wisconsin “permanently closed” for business.,Madeline Heim,https://www.politifact.com/factchecks/2021/aug/04/rebecca-kleefisch/no-evers-didnt-say-wisconsin-was-permanently-close/,1,"stated on July 20, 2021 in Twitter:",FALSE,"['Economy', 'Small Business', 'Wisconsin', 'Coronavirus', 'Rebecca Kleefisch']",0,0,0,elected_rep and quip,https://twitter.com/RebeccaforReal/status/1417541589736595461,RebeccaforReal,20883,0
3940,Bobby Scott,7/22/21,“Every Republican in Congress voted to defund the police when they voted against the American Rescue Plan.”,Warren Fiske,https://www.politifact.com/factchecks/2021/jul/22/bobby-scott/scott-falsely-accuses-gop-defunding-police/,1,"stated on July 12, 2021 in a tweet.:",FALSE,"['Public Safety', 'Stimulus', 'Coronavirus', 'Virginia', 'Bobby Scott']",0,0,0,cant_find_original,,BobbyScott,44616,1
3943,Bloggers,7/21/21,“Canada prohibits all vaxxed pilots from flying.”,Ciara O'Rourke,https://www.politifact.com/factchecks/2021/jul/21/blog-posting/no-canada-isnt-banning-pilots-flying-if-they-get-c/,0,"stated on July 11, 2021 in a blog post:",FALSE,"['Facebook Fact-checks', 'Coronavirus', 'Bloggers']",1,1,1,cant_find_account,https://rense.com/general96/canada-prohibits-all-vaxxed-pilots-from-flying.php?fbclid=IwAR1vpmHZSmGbD-pFkW50kvmyADilfXGXj4dHdNObX0JXeFbpvZDz8kKcLWk,,,1
4045,Bloggers,6/25/21,Says the U.S. government caused the coronavirus pandemic because it sent mRNA coronavirus vaccine candidates to university researchers weeks before the COVID-19 outbreak.,Samantha Putterman,https://www.politifact.com/factchecks/2021/jun/25/blog-posting/scientists-developing-mrna-vaccines-outbreak-isnt-/,0,"stated on June 14, 2021 in a story:",FALSE,"['National', 'Public Health', 'Science', 'Facebook Fact-checks', 'Coronavirus', 'Bloggers']",0,1,1,cant_find_account,https://archive.is/JzSiP,,,1
4082,Facebook posts,6/17/21,Says the Novavax COVID-19 vaccine “dumps millions” of dangerous “spike proteins right into your body.”,Tom Kertscher,https://www.politifact.com/factchecks/2021/jun/17/facebook-posts/no-sign-spike-proteins-covid-19-vaccines-including/,1,"stated on June 14, 2021 in a tweet:",FALSE,"['Public Health', 'Facebook Fact-checks', 'Coronavirus', 'Facebook posts']",0,0,0,scientist,https://archive.is/fhz18,RealDrJaneRuby,58068,0
4088,Charlie Kirk,6/15/21,Says Anthony Fauci will make millions off new book.,Samantha Putterman,https://www.politifact.com/factchecks/2021/jun/15/charlie-kirk/fauci-isnt-making-millions-upcoming-national-geogr/,1,"stated on June 1, 2021 in a tweet:",FALSE,"['National', 'Facebook Fact-checks', 'Coronavirus', 'Charlie Kirk']",0,0,0,,https://archive.ph/sOypa,charliekirk11,2720331,0
4140,X posts,6/3/21,"""The CDC lowered the PCR threshold while no longer recording asymptomatic cases...but only for the vaccinated.""",Michael Majchrowicz,https://www.politifact.com/factchecks/2021/jun/03/tweets/cdc-did-not-change-its-criteria-what-considered-br/,1,"stated on May 24, 2021 in Twitter:",FALSE,"['Coronavirus', 'X posts']",0,0,0,nurse,http://web.archive.org/web/20210601160016/https://twitter.com/erin_bsn/status/1396854077460463620?s=20,erin_bsn,75924,0